{"M": {"hah": -0.33344856811948514, "here": -1.2603623820268226}, "S": {"not": -0.7211965654669841, "nice": -0.6658631448798212}, "B": {"Yes": -0.51082562376599, "No": -0.916290731874155}, "E": {"say": -0.8085250474669937, "But": -0.5897149736854513}}